{
  "configuration": {
    "seed": 42,
    "tokenized_path": "C:\\Users\\JOVAN\\Documents\\School\\Internship Y3\\Pytorch Learning\\pytorch_project\\Song Lyrics Generator\\data\\tokenized\\tokenized_lyrics.pt",
    "weights_path": "C:\\Users\\JOVAN\\Documents\\School\\Internship Y3\\Pytorch Learning\\pytorch_project\\Song Lyrics Generator\\weights\\lstm\\weights.pt",
    "config_path": "C:\\Users\\JOVAN\\Documents\\School\\Internship Y3\\Pytorch Learning\\pytorch_project\\Song Lyrics Generator\\weights\\lstm\\config.json",
    "batch_size": 16,
    "oom_batch_fallback": [
      8,
      4
    ],
    "epochs": 20,
    "learning_rate": 0.001,
    "input_dim": 128,
    "hidden_dim": 256,
    "dropout_rate": 0.3,
    "patience": 3,
    "optimizer": "Adam",
    "early_stop": true
  },
  "data": {
    "vocab_size": 30529,
    "pad_token_id": 0,
    "sections": [
      "VERSE",
      "CHORUS",
      "BRIDGE",
      "INTRO",
      "OUTRO",
      "PRE-CHORUS",
      "HOOK"
    ]
  },
  "metrics": {
    "loss_history": [
      3.7954278858727686,
      3.3445945730990094,
      3.1969074626505236,
      3.100284394729019,
      3.0288448691276897,
      2.973705998430201,
      2.929573602866105,
      2.8919557138718806,
      2.860092089572022,
      2.8320674673691904,
      2.807579903175745,
      2.7861072207190376,
      2.766681390403333,
      2.748484004246158,
      2.7323239911304875
    ],
    "perplexity_history": [
      44.49727208679144,
      28.349079856863447,
      24.456779622310393,
      22.20426515955537,
      20.67333838018037,
      19.56429064011229,
      18.719646790940075,
      18.028533799738444,
      17.463135035165852,
      16.980531252842567,
      16.569769210293874,
      16.217764584410254,
      15.905761314261483,
      15.618935686878382,
      15.368561951401917
    ],
    "val_loss_history": [
      3.4096730520965854,
      3.2411778005984946,
      3.1486407687904636,
      3.089135215369933,
      3.0553957672294128,
      3.032927700138967,
      3.020181815558617,
      3.0095497577562247,
      3.005014335890429,
      3.0000145998569803,
      2.9993597258121594,
      2.99881255462629,
      3.0004432726343837,
      3.004581182921698,
      3.00429209437939
    ],
    "val_perplexity_history": [
      30.255350718667472,
      25.563813097433822,
      23.304367020693245,
      21.95808075195371,
      21.229585838887328,
      20.75791666916633,
      20.495017658547077,
      20.278267736781007,
      20.186505485443863,
      20.085830171294802,
      20.072680788511622,
      20.06170060025626,
      20.09444226565411,
      20.177763534102315,
      20.17193121692386
    ]
  },
  "run_info": {
    "device": "cuda",
    "actual_epochs_completed": 15,
    "started_at": "2026-03-28T22:56:12.296957",
    "finished_at": "2026-03-28T23:34:09.531693",
    "elapsed_seconds": 2277.2349,
    "effective_batch_size": 16
  }
}